Northwestern Memorial Hospital,,,,(312) 472-6843,259 E Erie St ,Chicago, 60611,https://www.nm.org/,IL,,-87.6208256,41.8939159
Northwestern Memorial Hospital,,,,(312) 472-6843,259 E Erie St ,Chicago, 60611,https://www.nm.org/,IL,,-87.6208256,41.8939159
Northwestern Memorial Hospital,,,,(312) 472-6843,259 E Erie St ,Chicago, 60611,https://www.nm.org/,IL,,-87.6208256,41.8939159
Northwestern Memorial Hospital,,,,(312) 472-6843,259 E Erie St ,Chicago, 60611,https://www.nm.org/,IL,,-87.6208256,41.8939159
Northwestern Memorial Hospital,,,,(312) 472-6843,259 E Erie St ,Chicago, 60611,https://www.nm.org/,IL,,-87.6208256,41.8939159
Northwestern Memorial Hospital,,,,(312) 472-6843,259 E Erie St ,Chicago, 60611,https://www.nm.org/,IL,,-87.6208256,41.8939159
Northwestern Memorial Hospital,,,,(312) 472-6843,259 E Erie St ,Chicago, 60611,https://www.nm.org/,IL,,-87.6208256,41.8939159
Northwestern Memorial Hospital,,,,(312) 472-6843,259 E Erie St ,Chicago, 60611,https://www.nm.org/,IL,,-87.6208256,41.8939159
Northwestern Memorial Hospital,,,,(312) 472-6843,259 E Erie St ,Chicago, 60611,https://www.nm.org/,IL,,-87.6208256,41.8939159
Northwestern Memorial Hospital,,,,(312) 472-6843,259 E Erie St ,Chicago, 60611,https://www.nm.org/,IL,,-87.6208256,41.8939159
Northwestern Memorial Hospital,,,,(312) 472-6843,259 E Erie St ,Chicago, 60611,https://www.nm.org/,IL,,-87.6208256,41.8939159
Northwestern Memorial Hospital,,,,(312) 472-6843,259 E Erie St ,Chicago, 60611,https://www.nm.org/,IL,,-87.6208256,41.8939159
Northwestern Memorial Hospital,,,,(312) 472-6843,259 E Erie St ,Chicago, 60611,https://www.nm.org/,IL,,-87.6208256,41.8939159
Northwestern Memorial Hospital,,,,(312) 472-6843,259 E Erie St ,Chicago, 60611,https://www.nm.org/,IL,,-87.6208256,41.8939159
Northwestern Memorial Hospital,,,,(312) 472-6843,259 E Erie St ,Chicago, 60611,https://www.nm.org/,IL,,-87.6208256,41.8939159
Northwestern Memorial Hospital,,,,(312) 472-6843,259 E Erie St ,Chicago, 60611,https://www.nm.org/,IL,,-87.6208256,41.8939159
Northwestern Memorial Hospital,,,,(312) 472-6843,259 E Erie St ,Chicago, 60611,https://www.nm.org/,IL,,-87.6208256,41.8939159
Northwestern Memorial Hospital,,,,(312) 472-6843,259 E Erie St ,Chicago, 60611,https://www.nm.org/,IL,,-87.6208256,41.8939159
Northwestern Memorial Hospital,,,,(312) 472-6843,259 E Erie St ,Chicago, 60611,https://www.nm.org/,IL,,-87.6208256,41.8939159
Northwestern Memorial Hospital,,,,(312) 472-6843,259 E Erie St ,Chicago, 60611,https://www.nm.org/,IL,,-87.6208256,41.8939159
Northwestern Memorial Hospital,,,,(312) 472-6843,259 E Erie St ,Chicago, 60611,https://www.nm.org/,IL,,-87.6208256,41.8939159
Northwestern Memorial Hospital,,,,(312) 472-6843,259 E Erie St ,Chicago, 60611,https://www.nm.org/,IL,,-87.6208256,41.8939159
Northwestern Memorial Hospital,,,,(312) 472-6843,259 E Erie St ,Chicago, 60611,https://www.nm.org/,IL,,-87.6208256,41.8939159
Northwestern Memorial Hospital,,,,(312) 472-6843,259 E Erie St ,Chicago, 60611,https://www.nm.org/,IL,,-87.6208256,41.8939159
Northwestern Memorial Hospital,,,,(312) 472-6843,259 E Erie St ,Chicago, 60611,https://www.nm.org/,IL,,-87.6208256,41.8939159
Northwestern Memorial Hospital,,,,(312) 472-6843,259 E Erie St ,Chicago, 60611,https://www.nm.org/,IL,,-87.6208256,41.8939159
Northwestern Memorial Hospital,,,,(312) 472-6843,259 E Erie St ,Chicago, 60611,https://www.nm.org/,IL,,-87.6208256,41.8939159
Northwestern Memorial Hospital,,,,(312) 472-6843,259 E Erie St ,Chicago, 60611,https://www.nm.org/,IL,,-87.6208256,41.8939159
Northwestern Memorial Hospital,,,,(312) 472-6843,259 E Erie St ,Chicago, 60611,https://www.nm.org/,IL,,-87.6208256,41.8939159
Northwestern Memorial Hospital,,,,(312) 472-6843,259 E Erie St ,Chicago, 60611,https://www.nm.org/,IL,,-87.6208256,41.8939159
Northwestern Memorial Hospital,,,,(312) 472-6843,259 E Erie St ,Chicago, 60611,https://www.nm.org/,IL,,-87.6208256,41.8939159
Northwestern Memorial Hospital,,,,(312) 472-6843,259 E Erie St ,Chicago, 60611,https://www.nm.org/,IL,,-87.6208256,41.8939159
Northwestern Memorial Hospital,,,,(312) 472-6843,259 E Erie St ,Chicago, 60611,https://www.nm.org/,IL,,-87.6208256,41.8939159
Northwestern Memorial Hospital,,,,(312) 472-6843,259 E Erie St ,Chicago, 60611,https://www.nm.org/,IL,,-87.6208256,41.8939159
Northwestern Memorial Hospital,,,,(312) 472-6843,259 E Erie St ,Chicago, 60611,https://www.nm.org/,IL,,-87.6208256,41.8939159
Northwestern Memorial Hospital,,,,(312) 472-6843,259 E Erie St ,Chicago, 60611,https://www.nm.org/,IL,,-87.6208256,41.8939159
Northwestern Memorial Hospital,,,,(312) 472-6843,259 E Erie St ,Chicago, 60611,https://www.nm.org/,IL,,-87.6208256,41.8939159
Northwestern Memorial Hospital,,,,(312) 472-6843,259 E Erie St ,Chicago, 60611,https://www.nm.org/,IL,,-87.6208256,41.8939159
Northwestern Memorial Hospital,,,,(312) 472-6843,259 E Erie St ,Chicago, 60611,https://www.nm.org/,IL,,-87.6208256,41.8939159
Northwestern Memorial Hospital,,,,(312) 472-6843,259 E Erie St ,Chicago, 60611,https://www.nm.org/,IL,,-87.6208256,41.8939159
Northwestern Memorial Hospital,,,,(312) 472-6843,259 E Erie St ,Chicago, 60611,https://www.nm.org/,IL,,-87.6208256,41.8939159
Northwestern Memorial Hospital,,,,(312) 472-6843,259 E Erie St ,Chicago, 60611,https://www.nm.org/,IL,,-87.6208256,41.8939159
Northwestern Memorial Hospital,,,,(312) 472-6843,259 E Erie St ,Chicago, 60611,https://www.nm.org/,IL,,-87.6208256,41.8939159
Northwestern Memorial Hospital,,,,(312) 472-6843,259 E Erie St ,Chicago, 60611,https://www.nm.org/,IL,,-87.6208256,41.8939159
Northwestern Memorial Hospital,,,,(312) 472-6843,259 E Erie St ,Chicago, 60611,https://www.nm.org/,IL,,-87.6208256,41.8939159
Northwestern Memorial Hospital,,,,(312) 472-6843,259 E Erie St ,Chicago, 60611,https://www.nm.org/,IL,,-87.6208256,41.8939159
Northwestern Memorial Hospital,,,,(312) 472-6843,259 E Erie St ,Chicago, 60611,https://www.nm.org/,IL,,-87.6208256,41.8939159
Northwestern Memorial Hospital,,,,(312) 472-6843,259 E Erie St ,Chicago, 60611,https://www.nm.org/,IL,,-87.6208256,41.8939159
Northwestern Memorial Hospital,,,,(312) 472-6843,259 E Erie St ,Chicago, 60611,https://www.nm.org/,IL,,-87.6208256,41.8939159
Northwestern Memorial Hospital,,,,(312) 472-6843,259 E Erie St ,Chicago, 60611,https://www.nm.org/,IL,,-87.6208256,41.8939159
Northwestern Memorial Hospital,,,,(312) 472-6843,259 E Erie St ,Chicago, 60611,https://www.nm.org/,IL,,-87.6208256,41.8939159
Northwestern Memorial Hospital,,,,(312) 472-6843,259 E Erie St ,Chicago, 60611,https://www.nm.org/,IL,,-87.6208256,41.8939159
Northwestern Memorial Hospital,,,,(312) 472-6843,259 E Erie St ,Chicago, 60611,https://www.nm.org/,IL,,-87.6208256,41.8939159
Northwestern Memorial Hospital,,,,(312) 472-6843,259 E Erie St ,Chicago, 60611,https://www.nm.org/,IL,,-87.6208256,41.8939159
Northwestern Memorial Hospital,,,,(312) 472-6843,259 E Erie St ,Chicago, 60611,https://www.nm.org/,IL,,-87.6208256,41.8939159
Northwestern Memorial Hospital,,,,(312) 472-6843,259 E Erie St ,Chicago, 60611,https://www.nm.org/,IL,,-87.6208256,41.8939159
Northwestern Memorial Hospital,,,,(312) 472-6843,259 E Erie St ,Chicago, 60611,https://www.nm.org/,IL,,-87.6208256,41.8939159
Northwestern Memorial Hospital,,,,(312) 472-6843,259 E Erie St ,Chicago, 60611,https://www.nm.org/,IL,,-87.6208256,41.8939159
Northwestern Memorial Hospital,,,,(312) 472-6843,259 E Erie St ,Chicago, 60611,https://www.nm.org/,IL,,-87.6208256,41.8939159
Northwestern Memorial Hospital,,,,(312) 472-6843,259 E Erie St ,Chicago, 60611,https://www.nm.org/,IL,,-87.6208256,41.8939159
Northwestern Memorial Hospital,,,,(312) 472-6843,259 E Erie St ,Chicago, 60611,https://www.nm.org/,IL,,-87.6208256,41.8939159
Northwestern Memorial Hospital,,,,(312) 472-6843,259 E Erie St ,Chicago, 60611,https://www.nm.org/,IL,,-87.6208256,41.8939159
Northwestern Memorial Hospital,,,,(312) 472-6843,259 E Erie St ,Chicago, 60611,https://www.nm.org/,IL,,-87.6208256,41.8939159
Northwestern Memorial Hospital,,,,(312) 472-6843,259 E Erie St ,Chicago, 60611,https://www.nm.org/,IL,,-87.6208256,41.8939159
Northwestern Memorial Hospital,,,,(312) 472-6843,259 E Erie St ,Chicago, 60611,https://www.nm.org/,IL,,-87.6208256,41.8939159
Northwestern Memorial Hospital,,,,(312) 472-6843,259 E Erie St ,Chicago, 60611,https://www.nm.org/,IL,,-87.6208256,41.8939159
Northwestern Memorial Hospital,,,,(312) 472-6843,259 E Erie St ,Chicago, 60611,https://www.nm.org/,IL,,-87.6208256,41.8939159
Northwestern Memorial Hospital,,,,(312) 472-6843,259 E Erie St ,Chicago, 60611,https://www.nm.org/,IL,,-87.6208256,41.8939159
Northwestern Memorial Hospital,,,,(312) 472-6843,259 E Erie St ,Chicago, 60611,https://www.nm.org/,IL,,-87.6208256,41.8939159
Northwestern Memorial Hospital,,,,(312) 472-6843,259 E Erie St ,Chicago, 60611,https://www.nm.org/,IL,,-87.6208256,41.8939159
Northwestern Memorial Hospital,,,,(312) 472-6843,259 E Erie St ,Chicago, 60611,https://www.nm.org/,IL,,-87.6208256,41.8939159
Northwestern Memorial Hospital,,,,(312) 472-6843,259 E Erie St ,Chicago, 60611,https://www.nm.org/,IL,,-87.6208256,41.8939159
Northwestern Memorial Hospital,,,,(312) 472-6843,259 E Erie St ,Chicago, 60611,https://www.nm.org/,IL,,-87.6208256,41.8939159
Northwestern Memorial Hospital,,,,(312) 472-6843,259 E Erie St ,Chicago, 60611,https://www.nm.org/,IL,,-87.6208256,41.8939159
Northwestern Memorial Hospital,,,,(312) 472-6843,259 E Erie St ,Chicago, 60611,https://www.nm.org/,IL,,-87.6208256,41.8939159
Northwestern Memorial Hospital,,,,(312) 472-6843,259 E Erie St ,Chicago, 60611,https://www.nm.org/,IL,,-87.6208256,41.8939159
Northwestern Memorial Hospital,,,,(312) 472-6843,259 E Erie St ,Chicago, 60611,https://www.nm.org/,IL,,-87.6208256,41.8939159
Northwestern Memorial Hospital,,,,(312) 472-6843,259 E Erie St ,Chicago, 60611,https://www.nm.org/,IL,,-87.6208256,41.8939159
Northwestern Memorial Hospital,,,,(312) 472-6843,259 E Erie St ,Chicago, 60611,https://www.nm.org/,IL,,-87.6208256,41.8939159
Northwestern Memorial Hospital,,,,(312) 472-6843,259 E Erie St ,Chicago, 60611,https://www.nm.org/,IL,,-87.6208256,41.8939159
Northwestern Memorial Hospital,,,,(312) 472-6843,259 E Erie St ,Chicago, 60611,https://www.nm.org/,IL,,-87.6208256,41.8939159
Northwestern Memorial Hospital,,,,(312) 472-6843,259 E Erie St ,Chicago, 60611,https://www.nm.org/,IL,,-87.6208256,41.8939159
Northwestern Memorial Hospital,,,,(312) 472-6843,259 E Erie St ,Chicago, 60611,https://www.nm.org/,IL,,-87.6208256,41.8939159
Northwestern Memorial Hospital,,,,(312) 472-6843,259 E Erie St ,Chicago, 60611,https://www.nm.org/,IL,,-87.6208256,41.8939159
Northwestern Memorial Hospital,,,,(312) 472-6843,259 E Erie St ,Chicago, 60611,https://www.nm.org/,IL,,-87.6208256,41.8939159
Northwestern Memorial Hospital,,,,(312) 472-6843,259 E Erie St ,Chicago, 60611,https://www.nm.org/,IL,,-87.6208256,41.8939159
Northwestern Memorial Hospital,,,,(312) 472-6843,259 E Erie St ,Chicago, 60611,https://www.nm.org/,IL,,-87.6208256,41.8939159
Northwestern Memorial Hospital,,,,(312) 472-6843,259 E Erie St ,Chicago, 60611,https://www.nm.org/,IL,,-87.6208256,41.8939159
Northwestern Memorial Hospital,,,,(312) 472-6843,259 E Erie St ,Chicago, 60611,https://www.nm.org/,IL,,-87.6208256,41.8939159
Northwestern Memorial Hospital,,,,(312) 472-6843,259 E Erie St ,Chicago, 60611,https://www.nm.org/,IL,,-87.6208256,41.8939159
Northwestern Memorial Hospital,,,,(312) 472-6843,259 E Erie St ,Chicago, 60611,https://www.nm.org/,IL,,-87.6208256,41.8939159
Northwestern Memorial Hospital,,,,(312) 472-6843,259 E Erie St ,Chicago, 60611,https://www.nm.org/,IL,,-87.6208256,41.8939159
Northwestern Memorial Hospital,,,,(312) 472-6843,259 E Erie St ,Chicago, 60611,https://www.nm.org/,IL,,-87.6208256,41.8939159
Northwestern Memorial Hospital,,,,(312) 472-6843,259 E Erie St ,Chicago, 60611,https://www.nm.org/,IL,,-87.6208256,41.8939159
Northwestern Memorial Hospital,,,,(312) 472-6843,259 E Erie St ,Chicago, 60611,https://www.nm.org/,IL,,-87.6208256,41.8939159
Northwestern Memorial Hospital,,,,(312) 472-6843,259 E Erie St ,Chicago, 60611,https://www.nm.org/,IL,,-87.6208256,41.8939159
Northwestern Memorial Hospital,,,,(312) 472-6843,259 E Erie St ,Chicago, 60611,https://www.nm.org/,IL,,-87.6208256,41.8939159
Northwestern Memorial Hospital,,,,(312) 472-6843,259 E Erie St ,Chicago, 60611,https://www.nm.org/,IL,,-87.6208256,41.8939159
Northwestern Memorial Hospital,,,,(312) 472-6843,259 E Erie St ,Chicago, 60611,https://www.nm.org/,IL,,-87.6208256,41.8939159
Northwestern Memorial Hospital,,,,(312) 472-6843,259 E Erie St ,Chicago, 60611,https://www.nm.org/,IL,,-87.6208256,41.8939159
Northwestern Memorial Hospital,,,,(312) 472-6843,259 E Erie St ,Chicago, 60611,https://www.nm.org/,IL,,-87.6208256,41.8939159
Northwestern Memorial Hospital,,,,(312) 472-6843,259 E Erie St ,Chicago, 60611,https://www.nm.org/,IL,,-87.6208256,41.8939159
Northwestern Memorial Hospital,,,,(312) 472-6843,259 E Erie St ,Chicago, 60611,https://www.nm.org/,IL,,-87.6208256,41.8939159
Northwestern Memorial Hospital,,,,(312) 472-6843,259 E Erie St ,Chicago, 60611,https://www.nm.org/,IL,,-87.6208256,41.8939159
Northwestern Memorial Hospital,,,,(312) 472-6843,259 E Erie St ,Chicago, 60611,https://www.nm.org/,IL,,-87.6208256,41.8939159
Northwestern Memorial Hospital,,,,(312) 472-6843,259 E Erie St ,Chicago, 60611,https://www.nm.org/,IL,,-87.6208256,41.8939159
Northwestern Memorial Hospital,,,,(312) 472-6843,259 E Erie St ,Chicago, 60611,https://www.nm.org/,IL,,-87.6208256,41.8939159
Northwestern Memorial Hospital,,,,(312) 472-6843,259 E Erie St ,Chicago, 60611,https://www.nm.org/,IL,,-87.6208256,41.8939159
Northwestern Memorial Hospital,,,,(312) 472-6843,259 E Erie St ,Chicago, 60611,https://www.nm.org/,IL,,-87.6208256,41.8939159
Northwestern Memorial Hospital,,,,(312) 472-6843,259 E Erie St ,Chicago, 60611,https://www.nm.org/,IL,,-87.6208256,41.8939159
Northwestern Memorial Hospital,,,,(312) 472-6843,259 E Erie St ,Chicago, 60611,https://www.nm.org/,IL,,-87.6208256,41.8939159
Northwestern Memorial Hospital,,,,(312) 472-6843,259 E Erie St ,Chicago, 60611,https://www.nm.org/,IL,,-87.6208256,41.8939159
Northwestern Memorial Hospital,,,,(312) 472-6843,259 E Erie St ,Chicago, 60611,https://www.nm.org/,IL,,-87.6208256,41.8939159
Northwestern Memorial Hospital,,,,(312) 472-6843,259 E Erie St ,Chicago, 60611,https://www.nm.org/,IL,,-87.6208256,41.8939159
Northwestern Memorial Hospital,,,,(312) 472-6843,259 E Erie St ,Chicago, 60611,https://www.nm.org/,IL,,-87.6208256,41.8939159
Northwestern Memorial Hospital,,,,(312) 472-6843,259 E Erie St ,Chicago, 60611,https://www.nm.org/,IL,,-87.6208256,41.8939159
Northwestern Memorial Hospital,,,,(312) 472-6843,259 E Erie St ,Chicago, 60611,https://www.nm.org/,IL,,-87.6208256,41.8939159
Northwestern Memorial Hospital,,,,(312) 472-6843,259 E Erie St ,Chicago, 60611,https://www.nm.org/,IL,,-87.6208256,41.8939159
Northwestern Memorial Hospital,,,,(312) 472-6843,259 E Erie St ,Chicago, 60611,https://www.nm.org/,IL,,-87.6208256,41.8939159
Northwestern Memorial Hospital,,,,(312) 472-6843,259 E Erie St ,Chicago, 60611,https://www.nm.org/,IL,,-87.6208256,41.8939159
Northwestern Memorial Hospital,,,,(312) 472-6843,259 E Erie St ,Chicago, 60611,https://www.nm.org/,IL,,-87.6208256,41.8939159
Northwestern Memorial Hospital,,,,(312) 472-6843,259 E Erie St ,Chicago, 60611,https://www.nm.org/,IL,,-87.6208256,41.8939159
Northwestern Memorial Hospital,,,,(312) 472-6843,259 E Erie St ,Chicago, 60611,https://www.nm.org/,IL,,-87.6208256,41.8939159
Northwestern Memorial Hospital,,,,(312) 472-6843,259 E Erie St ,Chicago, 60611,https://www.nm.org/,IL,,-87.6208256,41.8939159
Northwestern Memorial Hospital,,,,(312) 472-6843,259 E Erie St ,Chicago, 60611,https://www.nm.org/,IL,,-87.6208256,41.8939159
Northwestern Memorial Hospital,,,,(312) 472-6843,259 E Erie St ,Chicago, 60611,https://www.nm.org/,IL,,-87.6208256,41.8939159
Northwestern Memorial Hospital,,,,(312) 472-6843,259 E Erie St ,Chicago, 60611,https://www.nm.org/,IL,,-87.6208256,41.8939159
Northwestern Memorial Hospital,,,,(312) 472-6843,259 E Erie St ,Chicago, 60611,https://www.nm.org/,IL,,-87.6208256,41.8939159
Northwestern Memorial Hospital,,,,(312) 472-6843,259 E Erie St ,Chicago, 60611,https://www.nm.org/,IL,,-87.6208256,41.8939159
Northwestern Memorial Hospital,,,,(312) 472-6843,259 E Erie St ,Chicago, 60611,https://www.nm.org/,IL,,-87.6208256,41.8939159
Northwestern Memorial Hospital,,,,(312) 472-6843,259 E Erie St ,Chicago, 60611,https://www.nm.org/,IL,,-87.6208256,41.8939159
Northwestern Memorial Hospital,,,,(312) 472-6843,259 E Erie St ,Chicago, 60611,https://www.nm.org/,IL,,-87.6208256,41.8939159
Northwestern Memorial Hospital,,,,(312) 472-6843,259 E Erie St ,Chicago, 60611,https://www.nm.org/,IL,,-87.6208256,41.8939159
Northwestern Memorial Hospital,,,,(312) 472-6843,259 E Erie St ,Chicago, 60611,https://www.nm.org/,IL,,-87.6208256,41.8939159
Northwestern Memorial Hospital,,,,(312) 472-6843,259 E Erie St ,Chicago, 60611,https://www.nm.org/,IL,,-87.6208256,41.8939159
Northwestern Memorial Hospital,,,,(312) 472-6843,259 E Erie St ,Chicago, 60611,https://www.nm.org/,IL,,-87.6208256,41.8939159
Northwestern Memorial Hospital,,,,(312) 472-6843,259 E Erie St ,Chicago, 60611,https://www.nm.org/,IL,,-87.6208256,41.8939159
Northwestern Memorial Hospital,,,,(312) 472-6843,259 E Erie St ,Chicago, 60611,https://www.nm.org/,IL,,-87.6208256,41.8939159
Northwestern Memorial Hospital,,,,(312) 472-6843,259 E Erie St ,Chicago, 60611,https://www.nm.org/,IL,,-87.6208256,41.8939159
Northwestern Memorial Hospital,,,,(312) 472-6843,259 E Erie St ,Chicago, 60611,https://www.nm.org/,IL,,-87.6208256,41.8939159
Northwestern Memorial Hospital,,,,(312) 472-6843,259 E Erie St ,Chicago, 60611,https://www.nm.org/,IL,,-87.6208256,41.8939159
Northwestern Memorial Hospital,,,,(312) 472-6843,259 E Erie St ,Chicago, 60611,https://www.nm.org/,IL,,-87.6208256,41.8939159
Northwestern Memorial Hospital,,,,(312) 472-6843,259 E Erie St ,Chicago, 60611,https://www.nm.org/,IL,,-87.6208256,41.8939159
Northwestern Memorial Hospital,,,,(312) 472-6843,259 E Erie St ,Chicago, 60611,https://www.nm.org/,IL,,-87.6208256,41.8939159
Northwestern Memorial Hospital,,,,(312) 472-6843,259 E Erie St ,Chicago, 60611,https://www.nm.org/,IL,,-87.6208256,41.8939159
Northwestern Memorial Hospital,,,,(312) 472-6843,259 E Erie St ,Chicago, 60611,https://www.nm.org/,IL,,-87.6208256,41.8939159
Northwestern Memorial Hospital,,,,(312) 472-6843,259 E Erie St ,Chicago, 60611,https://www.nm.org/,IL,,-87.6208256,41.8939159
Northwestern Memorial Hospital,,,,(312) 472-6843,259 E Erie St ,Chicago, 60611,https://www.nm.org/,IL,,-87.6208256,41.8939159
Northwestern Memorial Hospital,,,,(312) 472-6843,259 E Erie St ,Chicago, 60611,https://www.nm.org/,IL,,-87.6208256,41.8939159
Northwestern Memorial Hospital,,,,(312) 472-6843,259 E Erie St ,Chicago, 60611,https://www.nm.org/,IL,,-87.6208256,41.8939159
Northwestern Memorial Hospital,,,,(312) 472-6843,259 E Erie St ,Chicago, 60611,https://www.nm.org/,IL,,-87.6208256,41.8939159
Northwestern Memorial Hospital,,,,(312) 472-6843,259 E Erie St ,Chicago, 60611,https://www.nm.org/,IL,,-87.6208256,41.8939159
Northwestern Memorial Hospital,,,,(312) 472-6843,259 E Erie St ,Chicago, 60611,https://www.nm.org/,IL,,-87.6208256,41.8939159
Northwestern Memorial Hospital,,,,(312) 472-6843,259 E Erie St ,Chicago, 60611,https://www.nm.org/,IL,,-87.6208256,41.8939159
Northwestern Memorial Hospital,,,,(312) 472-6843,259 E Erie St ,Chicago, 60611,https://www.nm.org/,IL,,-87.6208256,41.8939159
Northwestern Memorial Hospital,,,,(312) 472-6843,259 E Erie St ,Chicago, 60611,https://www.nm.org/,IL,,-87.6208256,41.8939159
Northwestern Memorial Hospital,,,,(312) 472-6843,259 E Erie St ,Chicago, 60611,https://www.nm.org/,IL,,-87.6208256,41.8939159
Northwestern Memorial Hospital,,,,(312) 472-6843,259 E Erie St ,Chicago, 60611,https://www.nm.org/,IL,,-87.6208256,41.8939159
Northwestern Memorial Hospital,,,,(312) 472-6843,259 E Erie St ,Chicago, 60611,https://www.nm.org/,IL,,-87.6208256,41.8939159
Northwestern Memorial Hospital,,,,(312) 472-6843,259 E Erie St ,Chicago, 60611,https://www.nm.org/,IL,,-87.6208256,41.8939159
Northwestern Memorial Hospital,,,,(312) 472-6843,259 E Erie St ,Chicago, 60611,https://www.nm.org/,IL,,-87.6208256,41.8939159
Northwestern Memorial Hospital,,,,(312) 472-6843,259 E Erie St ,Chicago, 60611,https://www.nm.org/,IL,,-87.6208256,41.8939159
Northwestern Memorial Hospital,,,,(312) 472-6843,259 E Erie St ,Chicago, 60611,https://www.nm.org/,IL,,-87.6208256,41.8939159
Northwestern Memorial Hospital,,,,(312) 472-6843,259 E Erie St ,Chicago, 60611,https://www.nm.org/,IL,,-87.6208256,41.8939159
Northwestern Memorial Hospital,,,,(312) 472-6843,259 E Erie St ,Chicago, 60611,https://www.nm.org/,IL,,-87.6208256,41.8939159
Northwestern Memorial Hospital,,,,(312) 472-6843,259 E Erie St ,Chicago, 60611,https://www.nm.org/,IL,,-87.6208256,41.8939159
Northwestern Memorial Hospital,,,,(312) 472-6843,259 E Erie St ,Chicago, 60611,https://www.nm.org/,IL,,-87.6208256,41.8939159
Northwestern Memorial Hospital,,,,(312) 472-6843,259 E Erie St ,Chicago, 60611,https://www.nm.org/,IL,,-87.6208256,41.8939159
Northwestern Memorial Hospital,,,,(312) 472-6843,259 E Erie St ,Chicago, 60611,https://www.nm.org/,IL,,-87.6208256,41.8939159
Northwestern Memorial Hospital,,,,(312) 472-6843,259 E Erie St ,Chicago, 60611,https://www.nm.org/,IL,,-87.6208256,41.8939159
Northwestern Memorial Hospital,,,,(312) 472-6843,259 E Erie St ,Chicago, 60611,https://www.nm.org/,IL,,-87.6208256,41.8939159
Northwestern Memorial Hospital,,,,(312) 472-6843,259 E Erie St ,Chicago, 60611,https://www.nm.org/,IL,,-87.6208256,41.8939159
Northwestern Memorial Hospital,,,,(312) 472-6843,259 E Erie St ,Chicago, 60611,https://www.nm.org/,IL,,-87.6208256,41.8939159
Northwestern Memorial Hospital,,,,(312) 472-6843,259 E Erie St ,Chicago, 60611,https://www.nm.org/,IL,,-87.6208256,41.8939159
Northwestern Memorial Hospital,,,,(312) 472-6843,259 E Erie St ,Chicago, 60611,https://www.nm.org/,IL,,-87.6208256,41.8939159
Northwestern Memorial Hospital,,,,(312) 472-6843,259 E Erie St ,Chicago, 60611,https://www.nm.org/,IL,,-87.6208256,41.8939159
Northwestern Memorial Hospital,,,,(312) 472-6843,259 E Erie St ,Chicago, 60611,https://www.nm.org/,IL,,-87.6208256,41.8939159
Northwestern Memorial Hospital,,,,(312) 472-6843,259 E Erie St ,Chicago, 60611,https://www.nm.org/,IL,,-87.6208256,41.8939159
Northwestern Memorial Hospital,,,,(312) 472-6843,259 E Erie St ,Chicago, 60611,https://www.nm.org/,IL,,-87.6208256,41.8939159
Northwestern Memorial Hospital,,,,(312) 472-6843,259 E Erie St ,Chicago, 60611,https://www.nm.org/,IL,,-87.6208256,41.8939159
Northwestern Memorial Hospital,,,,(312) 472-6843,259 E Erie St ,Chicago, 60611,https://www.nm.org/,IL,,-87.6208256,41.8939159
Northwestern Memorial Hospital,,,,(312) 472-6843,259 E Erie St ,Chicago, 60611,https://www.nm.org/,IL,,-87.6208256,41.8939159
Northwestern Memorial Hospital,,,,(312) 472-6843,259 E Erie St ,Chicago, 60611,https://www.nm.org/,IL,,-87.6208256,41.8939159
Northwestern Memorial Hospital,,,,(312) 472-6843,259 E Erie St ,Chicago, 60611,https://www.nm.org/,IL,,-87.6208256,41.8939159
Northwestern Memorial Hospital,,,,(312) 472-6843,259 E Erie St ,Chicago, 60611,https://www.nm.org/,IL,,-87.6208256,41.8939159
Northwestern Memorial Hospital,,,,(312) 472-6843,259 E Erie St ,Chicago, 60611,https://www.nm.org/,IL,,-87.6208256,41.8939159
Northwestern Memorial Hospital,,,,(312) 472-6843,259 E Erie St ,Chicago, 60611,https://www.nm.org/,IL,,-87.6208256,41.8939159
Northwestern Memorial Hospital,,,,(312) 472-6843,259 E Erie St ,Chicago, 60611,https://www.nm.org/,IL,,-87.6208256,41.8939159
Northwestern Memorial Hospital,,,,(312) 472-6843,259 E Erie St ,Chicago, 60611,https://www.nm.org/,IL,,-87.6208256,41.8939159
Northwestern Memorial Hospital,,,,(312) 472-6843,259 E Erie St ,Chicago, 60611,https://www.nm.org/,IL,,-87.6208256,41.8939159
Northwestern Memorial Hospital,,,,(312) 472-6843,259 E Erie St ,Chicago, 60611,https://www.nm.org/,IL,,-87.6208256,41.8939159
Northwestern Memorial Hospital,,,,(312) 472-6843,259 E Erie St ,Chicago, 60611,https://www.nm.org/,IL,,-87.6208256,41.8939159
Northwestern Memorial Hospital,,,,(312) 472-6843,259 E Erie St ,Chicago, 60611,https://www.nm.org/,IL,,-87.6208256,41.8939159
Northwestern Memorial Hospital,,,,(312) 472-6843,259 E Erie St ,Chicago, 60611,https://www.nm.org/,IL,,-87.6208256,41.8939159
Northwestern Memorial Hospital,,,,(312) 472-6843,259 E Erie St ,Chicago, 60611,https://www.nm.org/,IL,,-87.6208256,41.8939159
Northwestern Memorial Hospital,,,,(312) 472-6843,259 E Erie St ,Chicago, 60611,https://www.nm.org/,IL,,-87.6208256,41.8939159
Northwestern Memorial Hospital,,,,(312) 472-6843,259 E Erie St ,Chicago, 60611,https://www.nm.org/,IL,,-87.6208256,41.8939159
Northwestern Memorial Hospital,,,,(312) 472-6843,259 E Erie St ,Chicago, 60611,https://www.nm.org/,IL,,-87.6208256,41.8939159
Northwestern Memorial Hospital,,,,(312) 472-6843,259 E Erie St ,Chicago, 60611,https://www.nm.org/,IL,,-87.6208256,41.8939159
Northwestern Memorial Hospital,,,,(312) 472-6843,259 E Erie St ,Chicago, 60611,https://www.nm.org/,IL,,-87.6208256,41.8939159
Northwestern Memorial Hospital,,,,(312) 472-6843,259 E Erie St ,Chicago, 60611,https://www.nm.org/,IL,,-87.6208256,41.8939159
Northwestern Memorial Hospital,,,,(312) 472-6843,259 E Erie St ,Chicago, 60611,https://www.nm.org/,IL,,-87.6208256,41.8939159
Northwestern Memorial Hospital,,,,(312) 472-6843,259 E Erie St ,Chicago, 60611,https://www.nm.org/,IL,,-87.6208256,41.8939159
Northwestern Memorial Hospital,,,,(312) 472-6843,259 E Erie St ,Chicago, 60611,https://www.nm.org/,IL,,-87.6208256,41.8939159
Northwestern Memorial Hospital,,,,(312) 472-6843,259 E Erie St ,Chicago, 60611,https://www.nm.org/,IL,,-87.6208256,41.8939159
Northwestern Memorial Hospital,,,,(312) 472-6843,259 E Erie St ,Chicago, 60611,https://www.nm.org/,IL,,-87.6208256,41.8939159
Northwestern Memorial Hospital,,,,(312) 472-6843,259 E Erie St ,Chicago, 60611,https://www.nm.org/,IL,,-87.6208256,41.8939159
Northwestern Memorial Hospital,,,,(312) 472-6843,259 E Erie St ,Chicago, 60611,https://www.nm.org/,IL,,-87.6208256,41.8939159
Northwestern Memorial Hospital,,,,(312) 472-6843,259 E Erie St ,Chicago, 60611,https://www.nm.org/,IL,,-87.6208256,41.8939159
Northwestern Memorial Hospital,,,,(312) 472-6843,259 E Erie St ,Chicago, 60611,https://www.nm.org/,IL,,-87.6208256,41.8939159
Northwestern Memorial Hospital,,,,(312) 472-6843,259 E Erie St ,Chicago, 60611,https://www.nm.org/,IL,,-87.6208256,41.8939159
Northwestern Memorial Hospital,,,,(312) 472-6843,259 E Erie St ,Chicago, 60611,https://www.nm.org/,IL,,-87.6208256,41.8939159
Northwestern Memorial Hospital,,,,(312) 472-6843,259 E Erie St ,Chicago, 60611,https://www.nm.org/,IL,,-87.6208256,41.8939159
Northwestern Memorial Hospital,,,,(312) 472-6843,259 E Erie St ,Chicago, 60611,https://www.nm.org/,IL,,-87.6208256,41.8939159
Northwestern Memorial Hospital,,,,(312) 472-6843,259 E Erie St ,Chicago, 60611,https://www.nm.org/,IL,,-87.6208256,41.8939159
Northwestern Memorial Hospital,,,,(312) 472-6843,259 E Erie St ,Chicago, 60611,https://www.nm.org/,IL,,-87.6208256,41.8939159
Northwestern Memorial Hospital,,,,(312) 472-6843,259 E Erie St ,Chicago, 60611,https://www.nm.org/,IL,,-87.6208256,41.8939159
Northwestern Memorial Hospital,,,,(312) 472-6843,259 E Erie St ,Chicago, 60611,https://www.nm.org/,IL,,-87.6208256,41.8939159
Northwestern Memorial Hospital,,,,(312) 472-6843,259 E Erie St ,Chicago, 60611,https://www.nm.org/,IL,,-87.6208256,41.8939159
Northwestern Memorial Hospital,,,,(312) 472-6843,259 E Erie St ,Chicago, 60611,https://www.nm.org/,IL,,-87.6208256,41.8939159
Northwestern Memorial Hospital,,,,(312) 472-6843,259 E Erie St ,Chicago, 60611,https://www.nm.org/,IL,,-87.6208256,41.8939159
Northwestern Memorial Hospital,,,,(312) 472-6843,259 E Erie St ,Chicago, 60611,https://www.nm.org/,IL,,-87.6208256,41.8939159
Northwestern Memorial Hospital,,,,(312) 472-6843,259 E Erie St ,Chicago, 60611,https://www.nm.org/,IL,,-87.6208256,41.8939159
Northwestern Memorial Hospital,,,,(312) 472-6843,259 E Erie St ,Chicago, 60611,https://www.nm.org/,IL,,-87.6208256,41.8939159
Northwestern Memorial Hospital,,,,(312) 472-6843,259 E Erie St ,Chicago, 60611,https://www.nm.org/,IL,,-87.6208256,41.8939159
Northwestern Memorial Hospital,,,,(312) 472-6843,259 E Erie St ,Chicago, 60611,https://www.nm.org/,IL,,-87.6208256,41.8939159
Northwestern Memorial Hospital,,,,(312) 472-6843,259 E Erie St ,Chicago, 60611,https://www.nm.org/,IL,,-87.6208256,41.8939159
Northwestern Memorial Hospital,,,,(312) 472-6843,259 E Erie St ,Chicago, 60611,https://www.nm.org/,IL,,-87.6208256,41.8939159
Northwestern Memorial Hospital,,,,(312) 472-6843,259 E Erie St ,Chicago, 60611,https://www.nm.org/,IL,,-87.6208256,41.8939159
Northwestern Memorial Hospital,,,,(312) 472-6843,259 E Erie St ,Chicago, 60611,https://www.nm.org/,IL,,-87.6208256,41.8939159
Northwestern Memorial Hospital,,,,(312) 472-6843,259 E Erie St ,Chicago, 60611,https://www.nm.org/,IL,,-87.6208256,41.8939159
Northwestern Memorial Hospital,,,,(312) 472-6843,259 E Erie St ,Chicago, 60611,https://www.nm.org/,IL,,-87.6208256,41.8939159
Northwestern Memorial Hospital,,,,(312) 472-6843,259 E Erie St ,Chicago, 60611,https://www.nm.org/,IL,,-87.6208256,41.8939159
Northwestern Memorial Hospital,,,,(312) 472-6843,259 E Erie St ,Chicago, 60611,https://www.nm.org/,IL,,-87.6208256,41.8939159
Northwestern Memorial Hospital,,,,(312) 472-6843,259 E Erie St ,Chicago, 60611,https://www.nm.org/,IL,,-87.6208256,41.8939159
Northwestern Memorial Hospital,,,,(312) 472-6843,259 E Erie St ,Chicago, 60611,https://www.nm.org/,IL,,-87.6208256,41.8939159
Northwestern Memorial Hospital,,,,(312) 472-6843,259 E Erie St ,Chicago, 60611,https://www.nm.org/,IL,,-87.6208256,41.8939159
Northwestern Memorial Hospital,,,,(312) 472-6843,259 E Erie St ,Chicago, 60611,https://www.nm.org/,IL,,-87.6208256,41.8939159
Northwestern Memorial Hospital,,,,(312) 472-6843,259 E Erie St ,Chicago, 60611,https://www.nm.org/,IL,,-87.6208256,41.8939159
Northwestern Memorial Hospital,,,,(312) 472-6843,259 E Erie St ,Chicago, 60611,https://www.nm.org/,IL,,-87.6208256,41.8939159
Northwestern Memorial Hospital,,,,(312) 472-6843,259 E Erie St ,Chicago, 60611,https://www.nm.org/,IL,,-87.6208256,41.8939159
Northwestern Memorial Hospital,,,,(312) 472-6843,259 E Erie St ,Chicago, 60611,https://www.nm.org/,IL,,-87.6208256,41.8939159
Northwestern Memorial Hospital,,,,(312) 472-6843,259 E Erie St ,Chicago, 60611,https://www.nm.org/,IL,,-87.6208256,41.8939159
Northwestern Memorial Hospital,,,,(312) 472-6843,259 E Erie St ,Chicago, 60611,https://www.nm.org/,IL,,-87.6208256,41.8939159
Northwestern Memorial Hospital,,,,(312) 472-6843,259 E Erie St ,Chicago, 60611,https://www.nm.org/,IL,,-87.6208256,41.8939159
Northwestern Memorial Hospital,,,,(312) 472-6843,259 E Erie St ,Chicago, 60611,https://www.nm.org/,IL,,-87.6208256,41.8939159
Northwestern Memorial Hospital,,,,(312) 472-6843,259 E Erie St ,Chicago, 60611,https://www.nm.org/,IL,,-87.6208256,41.8939159
Northwestern Memorial Hospital,,,,(312) 472-6843,259 E Erie St ,Chicago, 60611,https://www.nm.org/,IL,,-87.6208256,41.8939159
Northwestern Memorial Hospital,,,,(312) 472-6843,259 E Erie St ,Chicago, 60611,https://www.nm.org/,IL,,-87.6208256,41.8939159
Northwestern Memorial Hospital,,,,(312) 472-6843,259 E Erie St ,Chicago, 60611,https://www.nm.org/,IL,,-87.6208256,41.8939159
Northwestern Memorial Hospital,,,,(312) 472-6843,259 E Erie St ,Chicago, 60611,https://www.nm.org/,IL,,-87.6208256,41.8939159
Northwestern Memorial Hospital,,,,(312) 472-6843,259 E Erie St ,Chicago, 60611,https://www.nm.org/,IL,,-87.6208256,41.8939159
Northwestern Memorial Hospital,,,,(312) 472-6843,259 E Erie St ,Chicago, 60611,https://www.nm.org/,IL,,-87.6208256,41.8939159
Northwestern Memorial Hospital,,,,(312) 472-6843,259 E Erie St ,Chicago, 60611,https://www.nm.org/,IL,,-87.6208256,41.8939159
Northwestern Memorial Hospital,,,,(312) 472-6843,259 E Erie St ,Chicago, 60611,https://www.nm.org/,IL,,-87.6208256,41.8939159
Northwestern Memorial Hospital,,,,(312) 472-6843,259 E Erie St ,Chicago, 60611,https://www.nm.org/,IL,,-87.6208256,41.8939159
Northwestern Memorial Hospital,,,,(312) 472-6843,259 E Erie St ,Chicago, 60611,https://www.nm.org/,IL,,-87.6208256,41.8939159
Northwestern Memorial Hospital,,,,(312) 472-6843,259 E Erie St ,Chicago, 60611,https://www.nm.org/,IL,,-87.6208256,41.8939159
Northwestern Memorial Hospital,,,,(312) 472-6843,259 E Erie St ,Chicago, 60611,https://www.nm.org/,IL,,-87.6208256,41.8939159
Northwestern Memorial Hospital,,,,(312) 472-6843,259 E Erie St ,Chicago, 60611,https://www.nm.org/,IL,,-87.6208256,41.8939159
Northwestern Memorial Hospital,,,,(312) 472-6843,259 E Erie St ,Chicago, 60611,https://www.nm.org/,IL,,-87.6208256,41.8939159
Northwestern Memorial Hospital,,,,(312) 472-6843,259 E Erie St ,Chicago, 60611,https://www.nm.org/,IL,,-87.6208256,41.8939159
Northwestern Memorial Hospital,,,,(312) 472-6843,259 E Erie St ,Chicago, 60611,https://www.nm.org/,IL,,-87.6208256,41.8939159
Northwestern Memorial Hospital,,,,(312) 472-6843,259 E Erie St ,Chicago, 60611,https://www.nm.org/,IL,,-87.6208256,41.8939159
Northwestern Memorial Hospital,,,,(312) 472-6843,259 E Erie St ,Chicago, 60611,https://www.nm.org/,IL,,-87.6208256,41.8939159
Northwestern Memorial Hospital,,,,(312) 472-6843,259 E Erie St ,Chicago, 60611,https://www.nm.org/,IL,,-87.6208256,41.8939159
Northwestern Memorial Hospital,,,,(312) 472-6843,259 E Erie St ,Chicago, 60611,https://www.nm.org/,IL,,-87.6208256,41.8939159
Northwestern Memorial Hospital,,,,(312) 472-6843,259 E Erie St ,Chicago, 60611,https://www.nm.org/,IL,,-87.6208256,41.8939159
Northwestern Memorial Hospital,,,,(312) 472-6843,259 E Erie St ,Chicago, 60611,https://www.nm.org/,IL,,-87.6208256,41.8939159
Northwestern Memorial Hospital,,,,(312) 472-6843,259 E Erie St ,Chicago, 60611,https://www.nm.org/,IL,,-87.6208256,41.8939159
Northwestern Memorial Hospital,,,,(312) 472-6843,259 E Erie St ,Chicago, 60611,https://www.nm.org/,IL,,-87.6208256,41.8939159
Northwestern Memorial Hospital,,,,(312) 472-6843,259 E Erie St ,Chicago, 60611,https://www.nm.org/,IL,,-87.6208256,41.8939159
Northwestern Memorial Hospital,,,,(312) 472-6843,259 E Erie St ,Chicago, 60611,https://www.nm.org/,IL,,-87.6208256,41.8939159
